Product,Price,Rating,No. of reviews,Link
"MamyPoko Pants Extra Absorb Diaper, Medium (Pack of 76)",709.00,4.2 out of 5 stars,"9,951",https://www.amazon.in//MamyPoko-Pants-Absorb-Diaper-Medium/dp/B07KFP92L2?_encoding=UTF8&psc=1
"MamyPoko Pants Extra Absorb Diaper, Extra Large (Pack of 56)",709.00,4.2 out of 5 stars,"9,951",https://www.amazon.in//MamyPoko-Pants-Extra-Absorb-Diaper/dp/B07KFVVDGF?_encoding=UTF8&psc=1
"MamyPoko Pants Extra Absorb Diaper, Large (Pack of 64)",709.00,4.2 out of 5 stars,"9,951",https://www.amazon.in//MamyPoko-Pants-Extra-Absorb-Diaper/dp/B07KFFN72W?_encoding=UTF8&psc=1
"Pampers New Diapers Pants, XL (56 Count)",766.00,3.9 out of 5 stars,"10,583",https://www.amazon.in//Pampers-New-Diapers-Pants-Count/dp/B07CXGJKXL?_encoding=UTF8&psc=1
"Pampers New Diapers Pants, Large (64 Count)",703.00,3.9 out of 5 stars,"10,583",https://www.amazon.in//Pampers-Large-Diapers-Pants-Count/dp/B07CXFJT8Q?_encoding=UTF8&psc=1
Huggies Wonder Pants Extra Large Size Diapers (54 Count),664.00,3.8 out of 5 stars,"19,436",https://www.amazon.in//Huggies-Wonder-Pants-Extra-Diapers/dp/B072QLWZ54?_encoding=UTF8&psc=1
"Pampers New Diapers Pants Monthly Box Pack, Large (Pack of 128)","1,332.00",3.9 out of 5 stars,"10,583",https://www.amazon.in//Pampers-Large-Diapers-Pants-Monthly/dp/B07CWZM1V7?_encoding=UTF8&psc=1
"Pampers New Diapers Pants, Medium (76 Count)",703.00,3.9 out of 5 stars,"10,583",https://www.amazon.in//Pampers-Diapers-Pants-Medium-Count/dp/B07DP24NSR?_encoding=UTF8&psc=1
"Pampers New Diapers Pants Monthly Box Packs, X-Large (112 Count)","1,359.00",3.9 out of 5 stars,"10,583",https://www.amazon.in//Pampers-Diapers-Pants-X-Large-Count/dp/B07CXGS2VZ?_encoding=UTF8&psc=1
"Johnson's Baby Wipes, Pack of 2 (160 Wet Wipes)",327.00,4.2 out of 5 stars,"3,460",https://www.amazon.in//Johnsons-Baby-Wipes-Pack-wipes/dp/B00EZQ5DD4?_encoding=UTF8&psc=1
Huggies Wonder Pants Large Size Diapers (60 Count),657.00,3.8 out of 5 stars,"19,436",https://www.amazon.in//Huggies-Wonder-Pants-Large-Diapers/dp/B071JTH5DF?_encoding=UTF8&psc=1
"Pampers New Diapers Pants Monthly Box Pack, Medium (152 Count)","1,359.00",3.9 out of 5 stars,"10,583",https://www.amazon.in//Pampers-Monthly-Diapers-Pants-Medium/dp/B07DP4TT6R?_encoding=UTF8&psc=1
"Pampers New Diapers Pants, Small, 86 Count",729.00,3.9 out of 5 stars,"10,583",https://www.amazon.in//Pampers-Diapers-Pants-Small-Count/dp/B07DP27MF4?_encoding=UTF8&psc=1
Mee Mee Caring Baby Wet Wipes with Aloe Vera (72 pcs/Pack) (Pack of 3),208.00,4.2 out of 5 stars,"6,556",https://www.amazon.in//Mee-Caring-Baby-Wipes-Aloe/dp/B00DRE0LQY?_encoding=UTF8&psc=1
Huggies Wonder Pants Medium Size Diapers (72 Count),673.00,3.8 out of 5 stars,"19,436",https://www.amazon.in//Huggies-Wonder-Pants-Medium-Diapers/dp/B072MM8VWC?_encoding=UTF8&psc=1
MamyPoko Pants Standard Pant Style Large Size Diapers (34 Count),299.00,3.9 out of 5 stars,"5,624",https://www.amazon.in//MamyPoko-Pants-Standard-Style-Diapers/dp/B00KAUFMQC?_encoding=UTF8&psc=1
Himalaya Baby Powder (400g),123.00,4.4 out of 5 stars,"3,506",https://www.amazon.in//Himalaya-4004G-Baby-Powder-400g/dp/B008YD57OO?_encoding=UTF8&psc=1
"MamyPoko Pants Extra Absorb Diaper, Small (Pack of 84)",709.00,4.2 out of 5 stars,"9,951",https://www.amazon.in//MamyPoko-Pants-Extra-Absorb-Diaper/dp/B07KFJ8QM9?_encoding=UTF8&psc=1
MamyPoko Pant Extra Absorb XXL Size Diapers (22 Count),359.00,4.2 out of 5 stars,"9,951",https://www.amazon.in//MamyPoko-Extra-Absorb-Diapers-Count/dp/B0063BKNMU?_encoding=UTF8&psc=1
"Mee Mee Caring Baby Wet Wipes, Aloe Vera, 72 Pieces (Pack of 5)",347.00,4.2 out of 5 stars,"6,556",https://www.amazon.in//Mee-Caring-Baby-Wipes-Aloe/dp/B0742BRWS2?_encoding=UTF8&psc=1
Himalaya Baby Shampoo (400 ml),156.00,4.3 out of 5 stars,"2,197",https://www.amazon.in//Himalaya-Baby-Shampoo-400-ml/dp/B00H5NMNXC?_encoding=UTF8&psc=1
MamyPoko Pants Standard Pant Style Small Size Diapers (46 Count),298.00,3.9 out of 5 stars,"5,624",https://www.amazon.in//MamyPoko-Pants-Standard-Style-Diapers/dp/B00KAUFEEM?_encoding=UTF8&psc=1
MamyPoko Pants Standard Pant Style Medium Size Diapers (36 Count),299.00,3.9 out of 5 stars,"5,624",https://www.amazon.in//MamyPoko-Pants-Standard-Medium-Diapers/dp/B00KAUFKBE?_encoding=UTF8&psc=1
Himalaya Gentle Baby Bath (400ml),129.00,4.3 out of 5 stars,"1,222",https://www.amazon.in//Himalaya-Gentle-Baby-Bath-400ml/dp/B01N32GD33?_encoding=UTF8&psc=1
"MamyPoko Pants Extra Absorb Diaper Monthly Jumbo Pack, Large (Pack of 99)","1,599.00",4.2 out of 5 stars,"9,951",https://www.amazon.in//MamyPoko-Absorb-Diaper-Monthly-Diapers/dp/B07BLD4ML5?_encoding=UTF8&psc=1
Pampers Active Baby New Born Diapers (72 Count),799.00,4.2 out of 5 stars,"8,398",https://www.amazon.in//Pampers-Active-Baby-Diapers-Count/dp/B0781Z3BW6?_encoding=UTF8&psc=1
Amazon Brand - Mama Bear Cleansing Baby Wet Wipes - 72 wipes/pack (Pack of 3),189.00,3.5 out of 5 stars,43,https://www.amazon.in//Amazon-Brand-Cleansing-Wipes-wipes/dp/B07G49M3M7?_encoding=UTF8&psc=1
Himalaya Herbals Baby Lotion (400ml),156.00,4.2 out of 5 stars,"3,875",https://www.amazon.in//Himalaya-4003F-Baby-Lotion-400ml/dp/B008YD5500?_encoding=UTF8&psc=1
Himalaya Baby Massage Oil (500ml),211.00,4.2 out of 5 stars,"1,831",https://www.amazon.in//Himalaya-Baby-Massage-Oil-500ml/dp/B00NOKRPD8?_encoding=UTF8&psc=1
Himalaya Gentle Baby Wipes (72Napkins of 2 Packs),210.00,4.3 out of 5 stars,938,https://www.amazon.in//Himalaya-gentle-Wipes-72Napkins-packs/dp/B017VOMJ6A?_encoding=UTF8&psc=1
"Pampers New Diapers Pants, Medium (54 Count)",514.00,3.9 out of 5 stars,"10,583",https://www.amazon.in//Pampers-Diapers-Pants-Medium-Count/dp/B07DNYN74C?_encoding=UTF8&psc=1
"Little's Soft Cleansing Baby Wipes (Pack of 3, 80 Wipes)",257.00,4.4 out of 5 stars,"1,270",https://www.amazon.in//Littles-Soft-Cleansing-Baby-Wipes/dp/B004X7545M?_encoding=UTF8&psc=1
Huggies Wonder Pants Large Size Diapers Monthly Pack (128 Count),"1,240.00",3.8 out of 5 stars,"19,436",https://www.amazon.in//Huggies-Wonder-Pants-Diapers-Monthly/dp/B075GHP2LX?_encoding=UTF8&psc=1
"Pampers New Diapers Pants, XXL (22 Count)",384.00,3.9 out of 5 stars,"10,583",https://www.amazon.in//Pampers-New-Diapers-Pants-Count/dp/B07CX22282?_encoding=UTF8&psc=1
"Pampers Premium Care Pants Diapers Monthly Box Pack, X-Large, 72 Count","1,359.00",4.0 out of 5 stars,"2,682",https://www.amazon.in//Pampers-Premium-Care-Diapers-Monthly/dp/B07F2HMCQ2?_encoding=UTF8&psc=1
Huggies Wonder Double Extra Large Size Diapers Pants (24 Count),369.00,3.8 out of 5 stars,"19,436",https://www.amazon.in//Huggies-Wonder-Double-Extra-Diapers/dp/B01MQGU9L0?_encoding=UTF8&psc=1
"Himalaya Total Care Baby Pants Diapers, Large, 76 Count",715.00,3.8 out of 5 stars,"1,860",https://www.amazon.in//Himalaya-Total-Pants-Diapers-Large/dp/B07MJ5PBNH?_encoding=UTF8&psc=1
MamyPoko Extra Absorb Medium Size Baby Diapers (56 Count),548.00,4.2 out of 5 stars,"9,951",https://www.amazon.in//MamyPoko-Medium-Size-Diapers-count/dp/B014CJZK8Q?_encoding=UTF8&psc=1
"Pampers Premium Care Pants Diapers Monthly Box Pack, Large, 88 Count","1,359.00",4.0 out of 5 stars,"2,682",https://www.amazon.in//Pampers-Premium-Care-Diapers-Monthly/dp/B07FHD5WNB?_encoding=UTF8&psc=1
"Baby Dove Rich Moisture Hair to Toe Baby Wash, 400 ml",239.00,4.3 out of 5 stars,536,https://www.amazon.in//Baby-Dove-Rich-Moisture-400ml/dp/B072PZ1W89?_encoding=UTF8&psc=1
"Himalaya Baby Cream, 200ml",157.00,4.3 out of 5 stars,"1,495",https://www.amazon.in//Himalaya-Baby-Cream-200ml/dp/B00QGEN6C8?_encoding=UTF8&psc=1
"Pampers Active Baby Diapers, Small (46 Count)",626.00,4.2 out of 5 stars,"8,398",https://www.amazon.in//Pampers-Active-Small-Diapers-Count/dp/B00AWMBPHS?_encoding=UTF8&psc=1
Pampers Fresh Clean Baby Wipes (64 Count),93.00,3.9 out of 5 stars,628,https://www.amazon.in//Pampers-Fresh-Clean-Wipes-Count/dp/B01N5IWJUQ?_encoding=UTF8&psc=1
"Pampers Premium Care Pants Diapers Monthly Box Pack, Medium, 108 Count","1,359.00",4.0 out of 5 stars,"2,682",https://www.amazon.in//Pampers-Premium-Care-Diapers-Monthly/dp/B07F2HR5QY?_encoding=UTF8&psc=1
"Pampers New Diapers Pants, Large, (46 Count)",515.00,3.9 out of 5 stars,"10,583",https://www.amazon.in//Pampers-Diapers-Pants-Large-White/dp/B07CXGS2VM?_encoding=UTF8&psc=1
"Himalaya Gentle Baby Soap Value Pack, 4 * 75g",111.00,4.4 out of 5 stars,"1,378",https://www.amazon.in//Himalaya-Gentle-Baby-Soap-Value/dp/B00ZTSOJSM?_encoding=UTF8&psc=1
"Pampers Premium Care Pants Diapers, Large, 44 Count",709.00,4.0 out of 5 stars,"2,682",https://www.amazon.in//Pampers-Premium-Care-Pants-Diapers/dp/B07DDXVK39?_encoding=UTF8&psc=1
Huggies Wonder Pants Medium Size Diapers Monthly Pack (152 Count),"1,240.00",3.8 out of 5 stars,"19,436",https://www.amazon.in//Huggies-Wonder-Medium-Diapers-Monthly/dp/B075GQCRN9?_encoding=UTF8&psc=1
"LuvLap Anti-Bacterial Baby Bottles, Accessories and Vegetable Liquid Cleanser Refill Pack (1L)",311.00,4.4 out of 5 stars,698,https://www.amazon.in//Anti-Bacterial-Bottles-Accessories-Vegetable-Cleanser/dp/B01N362DN7?_encoding=UTF8&psc=1
